pair_id	position_i	base_i	position_j	base_j	element	free_rna_pair_probability	bound_state_pair
P01	21	G	50	U	scaffold_stem_1	0.320305	True
P02	22	U	49	A	scaffold_stem_1	0.341614	True
P03	23	U	48	A	scaffold_stem_1	0.362491	True
P04	24	U	47	A	scaffold_stem_1	0.368181	True
P05	25	U	46	A	scaffold_stem_1	0.370099	True
P06	26	A	45	U	scaffold_stem_1	0.367098	True
P07	29	G	40	C	scaffold_stem_2	0.588968	True
P08	30	C	39	G	scaffold_stem_2	0.606558	True
P09	31	U	38	A	scaffold_stem_2	0.606713	True
P10	32	A	37	U	scaffold_stem_2	0.584539	True
P11	53	G	61	C	scaffold_stem_3	0.227592	True
P12	54	G	60	C	scaffold_stem_3	0.224876	True
P13	55	C	58	G	scaffold_stem_3	0.0	True
P14	68	A	81	G	scaffold_stem_4	0.0	True
P15	69	A	80	U	scaffold_stem_4	0.684008	True
P16	70	C	79	G	scaffold_stem_4	0.761002	True
P17	71	U	78	A	scaffold_stem_4	0.757816	True
P18	72	U	77	A	scaffold_stem_4	0.730459	True
P19	82	G	96	C	scaffold_stem_5	0.992146	True
P20	83	C	95	G	scaffold_stem_5	0.995507	True
P21	84	A	94	U	scaffold_stem_5	0.996057	True
P22	85	C	93	G	scaffold_stem_5	0.996714	True
P23	86	C	92	G	scaffold_stem_5	0.996539	True
P24	87	G	91	C	scaffold_stem_5	0.872132	True
