position_i	base_i	region_i	position_j	base_j	region_j	pair_probability	distance_nt
11	G	Spacer	117	C	Extension	0.999991	106
12	C	Spacer	116	G	Extension	0.99998	104
10	G	Spacer	118	C	Extension	0.999976	108
17	G	Spacer	111	C	Extension	0.999971	94
14	G	Spacer	114	C	Extension	0.999964	100
8	G	Spacer	120	C	Extension	0.999943	112
18	C	Spacer	110	G	Extension	0.999907	92
9	U	Spacer	119	A	Extension	0.999579	110
13	A	Spacer	115	U	Extension	0.999511	102
15	A	Spacer	113	U	Extension	0.999289	98
16	A	Spacer	112	U	Extension	0.998864	96
7	U	Spacer	121	A	Extension	0.997645	114
6	G	Spacer	122	C	Evopreq1	0.997071	116
86	C	Scaffold_fragment_2	94	G	Scaffold_fragment_2	0.997049	8
87	C	Scaffold_fragment_2	93	G	Scaffold_fragment_2	0.996871	6
84	C	Scaffold_fragment_2	96	G	Scaffold_fragment_2	0.996758	12
85	A	Scaffold_fragment_2	95	U	Scaffold_fragment_2	0.996636	10
83	G	Scaffold_fragment_2	97	C	Scaffold_fragment_2	0.987732	14
136	G	Evopreq1	153	C	Evopreq1	0.984637	17
135	A	Evopreq1	154	U	Evopreq1	0.984377	19
134	U	Evopreq1	155	A	Evopreq1	0.984161	21
133	C	Evopreq1	156	G	Evopreq1	0.983784	23
19	A	Spacer	109	U	Extension	0.983332	90
137	U	Evopreq1	152	A	Evopreq1	0.972006	15
21	C	Spacer	107	G	Extension	0.961819	86
31	C	Scaffold_fragment_1	40	G	Scaffold_fragment_2	0.949374	9
32	U	Scaffold_fragment_1	39	A	Scaffold_fragment_2	0.94686	7
4	G	Spacer	124	C	Evopreq1	0.945511	120
33	A	Scaffold_fragment_1	38	U	Scaffold_fragment_2	0.911883	5
30	G	Scaffold_fragment_1	41	C	Scaffold_fragment_2	0.899243	11
88	G	Scaffold_fragment_2	92	C	Scaffold_fragment_2	0.872422	4
132	U	Evopreq1	157	A	Evopreq1	0.860327	25
138	U	Evopreq1	151	A	Evopreq1	0.817734	13
71	C	Scaffold_fragment_2	80	G	Scaffold_fragment_2	0.636788	9
72	U	Scaffold_fragment_2	79	A	Scaffold_fragment_2	0.634017	7
73	U	Scaffold_fragment_2	78	A	Scaffold_fragment_2	0.611193	5
70	A	Scaffold_fragment_2	81	U	Scaffold_fragment_2	0.507651	11
2	C	Spacer	126	G	Evopreq1	0.485875	124
22	G	Scaffold_fragment_1	106	U	Extension	0.466636	84
52	A	Scaffold_fragment_2	65	U	Scaffold_fragment_2	0.43149	13
51	U	Scaffold_fragment_2	66	A	Scaffold_fragment_2	0.426166	15
53	A	Scaffold_fragment_2	64	U	Scaffold_fragment_2	0.40173	11
50	A	Scaffold_fragment_2	67	U	Scaffold_fragment_2	0.389595	17
28	G	Scaffold_fragment_1	100	C	Extension	0.37621	72
1	A	Spacer	127	U	Evopreq1	0.373024	126
27	A	Scaffold_fragment_1	101	U	Extension	0.365837	74
26	U	Scaffold_fragment_1	47	A	Scaffold_fragment_2	0.360283	21
25	U	Scaffold_fragment_1	48	A	Scaffold_fragment_2	0.358567	23
27	A	Scaffold_fragment_1	46	U	Scaffold_fragment_2	0.357158	19
24	U	Scaffold_fragment_1	49	A	Scaffold_fragment_2	0.351401	25
28	G	Scaffold_fragment_1	45	U	Scaffold_fragment_2	0.328616	17
29	A	Scaffold_fragment_1	99	U	Extension	0.328056	70
23	U	Scaffold_fragment_1	50	A	Scaffold_fragment_2	0.322314	27
44	G	Scaffold_fragment_2	71	C	Scaffold_fragment_2	0.298009	27
45	U	Scaffold_fragment_2	70	A	Scaffold_fragment_2	0.296656	25
43	A	Scaffold_fragment_2	72	U	Scaffold_fragment_2	0.293105	29
22	G	Scaffold_fragment_1	51	U	Scaffold_fragment_2	0.280509	29
46	U	Scaffold_fragment_2	69	A	Scaffold_fragment_2	0.277734	23
54	G	Scaffold_fragment_2	62	C	Scaffold_fragment_2	0.270279	8
55	G	Scaffold_fragment_2	61	C	Scaffold_fragment_2	0.267071	6
42	A	Scaffold_fragment_2	73	U	Scaffold_fragment_2	0.258497	31
55	G	Scaffold_fragment_2	62	C	Scaffold_fragment_2	0.246084	7
141	G	Evopreq1	150	C	Evopreq1	0.209759	9
143	G	Evopreq1	149	C	Evopreq1	0.205507	6
68	C	Scaffold_fragment_2	82	G	Scaffold_fragment_2	0.204792	14
80	G	Scaffold_fragment_2	100	C	Extension	0.178486	20
79	A	Scaffold_fragment_2	101	U	Extension	0.177848	22
144	U	Evopreq1	148	A	Evopreq1	0.167296	4
78	A	Scaffold_fragment_2	102	U	Extension	0.16402	24
54	G	Scaffold_fragment_2	105	C	Extension	0.132764	51
55	G	Scaffold_fragment_2	104	C	Extension	0.132539	49
77	A	Scaffold_fragment_2	103	U	Extension	0.128712	26
59	G	Scaffold_fragment_2	100	C	Extension	0.126864	41
58	A	Scaffold_fragment_2	101	U	Extension	0.126584	43
53	A	Scaffold_fragment_2	106	U	Extension	0.123235	53
54	G	Scaffold_fragment_2	100	C	Extension	0.103172	46
56	C	Scaffold_fragment_2	98	G	Extension	0.103023	42
55	G	Scaffold_fragment_2	99	U	Extension	0.102919	44
69	A	Scaffold_fragment_2	81	U	Scaffold_fragment_2	0.102653	12
53	A	Scaffold_fragment_2	101	U	Extension	0.099891	48
61	C	Scaffold_fragment_2	98	G	Extension	0.097836	37
44	G	Scaffold_fragment_2	56	C	Scaffold_fragment_2	0.087045	12
45	U	Scaffold_fragment_2	55	G	Scaffold_fragment_2	0.085549	10
41	C	Scaffold_fragment_2	74	G	Scaffold_fragment_2	0.085403	33
43	A	Scaffold_fragment_2	57	U	Scaffold_fragment_2	0.080692	14
56	C	Scaffold_fragment_2	63	G	Scaffold_fragment_2	0.079632	7
55	G	Scaffold_fragment_2	64	U	Scaffold_fragment_2	0.07754	9
52	A	Scaffold_fragment_2	102	U	Extension	0.075539	50
46	U	Scaffold_fragment_2	54	G	Scaffold_fragment_2	0.074189	8
2	C	Spacer	125	G	Evopreq1	0.059881	123
54	G	Scaffold_fragment_2	65	U	Scaffold_fragment_2	0.058542	11
141	G	Evopreq1	149	C	Evopreq1	0.056792	8
74	G	Scaffold_fragment_2	104	C	Extension	0.037844	30
75	A	Scaffold_fragment_2	103	U	Extension	0.036658	28
76	A	Scaffold_fragment_2	102	U	Extension	0.029466	26
77	A	Scaffold_fragment_2	101	U	Extension	0.020549	24
68	C	Scaffold_fragment_2	74	G	Scaffold_fragment_2	0.019665	6
143	G	Evopreq1	150	C	Evopreq1	0.019601	7
63	G	Scaffold_fragment_2	68	C	Scaffold_fragment_2	0.019119	5
67	U	Scaffold_fragment_2	75	A	Scaffold_fragment_2	0.017103	8
69	A	Scaffold_fragment_2	73	U	Scaffold_fragment_2	0.012927	4
59	G	Scaffold_fragment_2	68	C	Scaffold_fragment_2	0.011875	9
25	U	Scaffold_fragment_1	34	G	Scaffold_fragment_1	0.011033	9
26	U	Scaffold_fragment_1	33	A	Scaffold_fragment_1	0.010922	7
22	G	Scaffold_fragment_1	105	C	Extension	0.010689	83
24	U	Scaffold_fragment_1	35	A	Scaffold_fragment_1	0.010651	11
