n_modifications	positions	bases	barrier	ground_energy	spacer_accessibility	seed_accessibility	delta_barrier
3	116, 117, 120	GCC	17.0	-37.5	0.3618	0.3556	-15.8
3	116, 118, 120	GCC	17.0	-37.5	0.3701	0.3671	-15.8
4	116, 117, 118, 120	GCCC	17.0	-37.5	0.3691	0.3759	-15.8
4	116, 117, 119, 120	GCAC	17.0	-37.5	0.3727	0.3708	-15.8
4	116, 118, 119, 120	GCAC	17.0	-37.5	0.3708	0.3673	-15.8
3	116, 118, 121	GCA	17.4	-36.3	0.3493	0.3476	-15.4
4	116, 117, 118, 121	GCCA	17.4	-36.3	0.3488	0.3545	-15.4
4	116, 117, 119, 121	GCAA	17.4	-36.3	0.347	0.3544	-15.4
4	116, 117, 120, 121	GCCA	17.4	-36.3	0.3562	0.3532	-15.4
4	116, 118, 119, 121	GCAA	17.4	-36.3	0.3422	0.3532	-15.4
4	116, 118, 120, 121	GCCA	17.4	-36.3	0.3409	0.3559	-15.4
3	116, 119, 120	GAC	19.3	-39.8	0.3596	0.3396	-13.5
3	116, 117, 118	GCC	19.7	-40.2	0.3534	0.3393	-13.1
3	116, 117, 119	GCA	19.7	-40.2	0.3527	0.3395	-13.1
3	116, 118, 119	GCA	19.7	-40.2	0.3572	0.3396	-13.1
3	116, 119, 121	GAA	19.7	-38.6	0.3701	0.3395	-13.1
4	116, 117, 118, 119	GCCA	19.7	-40.2	0.3671	0.3398	-13.1
4	116, 119, 120, 121	GACA	19.7	-38.6	0.3786	0.3398	-13.1
3	117, 118, 120	CCC	19.9	-40.4	0.3358	0.3397	-12.9
4	117, 118, 119, 120	CCAC	19.9	-40.4	0.3357	0.3398	-12.9
3	116, 117, 121	GCA	20.1	-39.0	0.3516	0.3394	-12.7
3	117, 118, 121	CCA	20.3	-39.2	0.3218	0.3392	-12.5
3	117, 119, 120	CAC	20.3	-40.8	0.3288	0.3392	-12.5
3	117, 120, 121	CCA	20.3	-39.2	0.3266	0.3391	-12.5
4	117, 118, 119, 121	CCAA	20.3	-39.2	0.3036	0.3394	-12.5
4	117, 118, 120, 121	CCCA	20.3	-39.2	0.3291	0.3397	-12.5
4	117, 119, 120, 121	CACA	20.3	-39.2	0.3164	0.3393	-12.5
2	117, 120	CC	20.4	-40.9	0.3145	0.339	-12.4
2	116, 118	GC	20.5	-41.0	0.3095	0.339	-12.3
3	117, 119, 121	CAA	20.6	-39.5	0.3096	0.3391	-12.2
3	116, 120, 121	GCA	20.8	-39.7	0.344	0.339	-12.0
2	116, 120	GC	20.9	-41.4	0.3087	0.3389	-11.9
3	118, 119, 121	CAA	21.6	-41.9	0.2859	0.3389	-11.2
3	118, 120, 121	CCA	21.6	-41.9	0.2758	0.3389	-11.2
4	118, 119, 120, 121	CACA	21.6	-41.9	0.2742	0.3389	-11.2
2	118, 120	CC	22.0	-43.5	0.3213	0.3389	-10.8
3	118, 119, 120	CAC	22.0	-43.5	0.3221	0.3389	-10.8
2	117, 121	CA	22.2	-42.4	0.3035	0.3389	-10.6
2	116, 119	GA	22.3	-42.8	0.296	0.3389	-10.5
3	117, 118, 119	CCA	22.4	-42.9	0.3188	0.3389	-10.4
2	118, 121	CA	22.7	-43.0	0.2991	0.3389	-10.1
2	117, 118	CC	23.1	-43.6	0.2968	0.3389	-9.7
2	116, 117	GC	23.2	-43.7	0.2937	0.3389	-9.6
2	117, 119	CA	23.8	-44.3	0.2748	0.3389	-9.0
2	116, 121	GA	24.0	-42.9	0.3047	0.3389	-8.8
2	118, 119	CA	24.3	-45.8	0.2836	0.3389	-8.5
2	119, 120	AC	25.0	-46.5	0.3098	0.3389	-7.8
2	119, 121	AA	25.0	-45.3	0.3221	0.3389	-7.8
3	119, 120, 121	ACA	25.0	-45.3	0.3317	0.3389	-7.8
2	120, 121	CA	26.1	-46.4	0.2944	0.3389	-6.7
1	118	C	26.2	-47.7	0.2471	0.3389	-6.6
1	117	C	26.6	-47.1	0.2453	0.3389	-6.2
1	120	C	26.6	-48.1	0.2588	0.3389	-6.2
1	116	G	27.1	-47.6	0.2469	0.3389	-5.7
1	119	A	28.0	-49.5	0.2455	0.3389	-4.8
1	121	A	29.3	-49.6	0.2549	0.3389	-3.5
