position	base	region	barrier	ground_energy	spacer_accessibility	seed_accessibility	delta_barrier
118	C	PBS	26.2	-47.7	0.2471	0.3389	-6.6
117	C	PBS	26.6	-47.1	0.2453	0.3389	-6.2
120	C	PBS	26.6	-48.1	0.2588	0.3389	-6.2
116	G	PBS	27.1	-47.6	0.2469	0.3389	-5.7
119	A	PBS	28.0	-49.5	0.2455	0.3389	-4.8
155	A	motif	28.0	-51.1	0.2448	0.3389	-4.8
156	G	motif	28.0	-51.1	0.2441	0.3389	-4.8
122	C	motif	28.4	-49.7	0.2513	0.3389	-4.4
153	C	motif	28.5	-51.1	0.2329	0.3389	-4.3
154	U	motif	28.5	-51.1	0.2453	0.3389	-4.3
152	A	motif	29.1	-51.7	0.2161	0.3389	-3.7
121	A	PBS	29.3	-49.6	0.2549	0.3389	-3.5
133	C	motif	29.6	-51.1	0.2314	0.3389	-3.2
134	U	motif	29.6	-51.1	0.2345	0.3389	-3.2
136	G	motif	30.1	-50.8	0.2382	0.3389	-2.7
135	A	motif	30.2	-50.9	0.2249	0.3389	-2.6
137	U	motif	30.2	-51.7	0.219	0.3389	-2.6
125	G	motif	31.0	-54.3	0.1969	0.3389	-1.8
157	A	motif	31.6	-53.1	0.2003	0.3389	-1.2
132	U	motif	31.6	-53.1	0.2001	0.3389	-1.2
138	U	motif	31.6	-53.1	0.1994	0.3389	-1.2
151	A	motif	31.6	-53.1	0.1994	0.3389	-1.2
124	C	motif	32.1	-52.3	0.2382	0.3389	-0.7
142	C	motif	32.4	-54.3	0.1967	0.3389	-0.4
140	C	motif	32.4	-54.3	0.1968	0.3389	-0.4
141	G	motif	32.4	-54.3	0.1968	0.3389	-0.4
143	G	motif	32.4	-54.3	0.1969	0.3389	-0.4
52	A	scaffold	32.8	-54.3	0.1972	0.3395	0.0
44	G	scaffold	32.8	-54.3	0.1972	0.3398	0.0
28	G	scaffold	32.8	-53.6	0.1965	0.3349	0.0
34	G	scaffold	32.8	-54.3	0.1971	0.3388	0.0
29	A	scaffold	32.8	-54.3	0.197	0.3382	0.0
43	A	scaffold	32.8	-54.3	0.1972	0.3398	0.0
139	A	motif	32.8	-54.3	0.1971	0.3389	0.0
147	A	motif	32.8	-54.3	0.1969	0.3389	0.0
77	A	scaffold	32.8	-54.3	0.1972	0.3397	0.0
68	C	scaffold	32.8	-54.3	0.197	0.3386	0.0
89	A	scaffold	32.8	-54.3	0.1971	0.3389	0.0
90	G	scaffold	32.8	-54.3	0.1971	0.3389	0.0
91	U	scaffold	32.8	-54.3	0.1971	0.3389	0.0
67	U	scaffold	32.8	-54.3	0.1972	0.3394	0.0
66	A	scaffold	32.8	-54.3	0.1972	0.3394	0.0
65	U	scaffold	32.8	-54.3	0.1971	0.3388	0.0
64	U	scaffold	32.8	-54.3	0.1971	0.3386	0.0
63	G	scaffold	32.8	-54.3	0.197	0.3385	0.0
74	G	scaffold	32.8	-54.3	0.1972	0.34	0.0
75	A	scaffold	32.8	-54.3	0.1971	0.339	0.0
76	A	scaffold	32.8	-54.3	0.1971	0.339	0.0
149	C	motif	32.8	-54.3	0.1969	0.3389	0.0
148	A	motif	32.8	-54.3	0.1969	0.3389	0.0
150	C	motif	32.8	-54.3	0.197	0.3389	0.0
145	U	motif	32.8	-54.3	0.197	0.3389	0.0
127	U	motif	32.8	-54.3	0.227	0.3389	0.0
126	G	motif	32.8	-54.3	0.2345	0.3389	0.0
131	A	motif	32.8	-54.3	0.1969	0.3389	0.0
128	U	motif	32.8	-54.3	0.1969	0.3389	0.0
146	A	motif	32.8	-54.3	0.1971	0.3389	0.0
158	A	motif	32.8	-54.3	0.197	0.3389	0.0
60	U	scaffold	32.8	-54.3	0.1971	0.339	0.0
57	U	scaffold	32.8	-54.3	0.1972	0.3398	0.0
36	A	scaffold	32.8	-54.3	0.1971	0.3389	0.0
37	A	scaffold	32.8	-54.3	0.1971	0.3389	0.0
42	A	scaffold	32.8	-54.3	0.1972	0.3398	0.0
35	A	scaffold	32.8	-54.3	0.1971	0.339	0.0
53	A	scaffold	33.4	-53.9	0.1971	0.3391	0.6
58	A	scaffold	33.5	-54.0	0.197	0.338	0.7
130	U	motif	33.6	-54.3	0.1968	0.3389	0.8
129	C	motif	33.6	-54.3	0.1968	0.3389	0.8
144	U	motif	34.0	-54.3	0.1969	0.3389	1.2
123	G	motif	34.7	-54.3	0.1968	0.3389	1.9
45	U	scaffold	35.0	-54.0	0.1973	0.3401	2.2
