pair_id	position_i	position_j	region_or_element	source	notes
P01	21	50	scaffold_stem_1	cryoEM_hbond_list	B21-U50
P02	22	49	scaffold_stem_1	cryoEM_hbond_list	B22-A49
P03	23	48	scaffold_stem_1	cryoEM_hbond_list	B23-U48
P04	24	47	scaffold_stem_1	cryoEM_hbond_list	B24-A47
P05	25	46	scaffold_stem_1	cryoEM_hbond_list	B25-U46
P06	26	45	scaffold_stem_1	cryoEM_hbond_list	B26-A45
P07	29	40	scaffold_stem_2	cryoEM_hbond_list	B29-G40
P08	30	39	scaffold_stem_2	cryoEM_hbond_list	B30-C39
P09	31	38	scaffold_stem_2	cryoEM_hbond_list	B31-U38
P10	32	37	scaffold_stem_2	cryoEM_hbond_list	B32-A37
P11	53	61	scaffold_stem_3	cryoEM_hbond_list	B53-G61
P12	54	60	scaffold_stem_3	cryoEM_hbond_list	B54-G60
P13	55	58	scaffold_stem_3	cryoEM_hbond_list	B55-C58
P14	68	81	scaffold_stem_4	cryoEM_hbond_list	B68-A81
P15	69	80	scaffold_stem_4	cryoEM_hbond_list	B69-A80
P16	70	79	scaffold_stem_4	cryoEM_hbond_list	B70-C79
P17	71	78	scaffold_stem_4	cryoEM_hbond_list	B71-U78
P18	72	77	scaffold_stem_4	cryoEM_hbond_list	B72-U77
P19	82	96	scaffold_stem_5	cryoEM_hbond_list	B82-G96
P20	83	95	scaffold_stem_5	cryoEM_hbond_list	B83-C95
P21	84	94	scaffold_stem_5	cryoEM_hbond_list	B84-A94
P22	85	93	scaffold_stem_5	cryoEM_hbond_list	B85-C93
P23	86	92	scaffold_stem_5	cryoEM_hbond_list	B86-C92
P24	87	91	scaffold_stem_5	cryoEM_hbond_list	B87-G91